#{"t_start": 1740424077.2655869, "env_id": "ALE/Breakout-ram-v5"}
r,l,t
3.0,244,1.021873
2.0,179,1.10603
2.0,196,1.19717
0.0,120,1.255304
2.0,178,1.339666
0.0,120,1.397886
2.0,195,1.48876
3.0,246,1.602126
0.0,120,1.661038
1.0,148,1.731533
2.0,196,1.822286
2.0,196,1.913228
2.0,196,2.004717
2.0,198,2.096746
2.0,195,2.18787
2.0,197,2.279865
1.0,149,2.351701
0.0,120,2.40955
1.0,149,2.480214
2.0,195,2.570958
0.0,120,2.629773
0.0,121,2.688157
1.0,166,2.768408
12.0,496,2.995859
2.0,179,3.080714
2.0,195,3.172282
1.0,169,3.253488
2.0,196,3.347172
2.0,195,3.438444
6.0,301,3.575462
0.0,120,3.633612
0.0,121,3.692452
2.0,215,3.79311
2.0,195,3.884376
1.0,150,3.955659
0.0,120,4.014114
2.0,195,4.105846
4.0,293,4.2398
2.0,195,4.330935
6.0,301,4.469075
1.0,149,4.540752
2.0,179,4.625243
4.0,296,4.775607
2.0,197,4.874835
2.0,195,4.973224
0.0,121,5.032897
2.0,195,5.124365
0.0,120,5.182639
0.0,120,5.241698
0.0,120,5.300154
0.0,120,5.358441
3.0,243,5.470313
0.0,120,5.529106
0.0,121,5.587989
2.0,195,5.718372
0.0,120,5.83555
1.0,168,6.003374
0.0,120,6.129567
2.0,195,6.325378
1.0,149,6.47147
0.0,120,6.647197
2.0,197,6.970532
1.0,148,7.115201
0.0,120,7.231465
0.0,120,7.354787
1.0,148,7.497191
0.0,121,7.616353
2.0,195,7.802734
1.0,148,7.947543
0.0,120,8.06491
3.0,243,8.298985
2.0,196,8.487242
3.0,244,8.722124
3.0,223,8.990276
2.0,195,9.258406
2.0,195,9.449085
2.0,179,9.627697
3.0,244,9.864947
5.0,317,10.166605
2.0,195,10.356799
2.0,195,10.594876
0.0,120,10.783684
0.0,120,10.916996
2.0,195,11.111043
3.0,210,11.318647
0.0,120,11.443022
1.0,166,11.612487
0.0,120,11.737377
0.0,120,11.877521
2.0,179,12.181325
2.0,197,12.381241
2.0,195,12.569066
2.0,196,12.763923
2.0,196,12.95568
0.0,120,13.076463
1.0,149,13.225138
0.0,122,13.349349
4.0,294,13.631517
2.0,218,13.841355
2.0,177,14.014761
4.0,317,14.480452
5.0,343,14.817205
1.0,149,14.971078
0.0,120,15.091048
2.0,195,15.283149
0.0,120,15.403851
12.0,496,15.883459
0.0,120,16.005861
2.0,195,16.200181
0.0,120,16.323529
0.0,120,16.44619
0.0,120,16.565819
0.0,120,16.689842
3.0,223,16.913069
4.0,239,17.148818
2.0,179,17.325063
3.0,230,17.55722
2.0,195,17.762575
0.0,120,17.936632
2.0,195,18.208946
2.0,195,18.406005
0.0,120,18.527572
0.0,120,18.653551
0.0,120,18.777147
0.0,121,18.903356
2.0,196,19.097706
2.0,216,19.309932
2.0,195,19.504906
0.0,120,19.628457
2.0,195,19.825491
6.0,301,20.122855
0.0,120,20.250841
2.0,180,20.433847
3.0,223,20.658401
2.0,195,20.882614
2.0,179,21.173923
0.0,121,21.312788
2.0,179,21.49391
0.0,120,21.621969
3.0,245,21.872486
2.0,195,22.075281
2.0,195,22.275602
0.0,120,22.402875
2.0,179,22.606429
0.0,120,22.742357
0.0,120,22.868859
3.0,226,23.101756
1.0,148,23.265855
0.0,120,23.391464
4.0,272,23.731994
3.0,242,24.053651
2.0,196,24.253217
2.0,195,24.53538
2.0,179,24.771817
4.0,316,25.100221
3.0,210,25.438285
0.0,120,25.577755
1.0,168,25.752168
0.0,121,25.879949
0.0,120,26.008632
2.0,178,26.295438
3.0,210,26.577709
3.0,210,26.793298
0.0,120,26.926537
1.0,148,27.081109
3.0,224,27.306194
0.0,120,27.431446
2.0,195,27.633025
0.0,120,27.761587
0.0,120,27.888043
2.0,195,28.089255
2.0,195,28.28911
0.0,120,28.417881
2.0,179,28.603279
2.0,195,28.800043
0.0,120,28.926517
0.0,120,29.052326
0.0,120,29.177371
3.0,242,29.424037
2.0,198,29.727409
2.0,179,29.92504
2.0,196,30.128696
2.0,196,30.335457
2.0,195,30.538209
2.0,195,30.739765
0.0,120,30.864486
2.0,195,31.063488
2.0,195,31.266229
1.0,166,31.441248
2.0,195,31.641173
0.0,120,31.766376
2.0,179,31.951901
2.0,179,32.140216
2.0,195,32.342802
2.0,195,32.543083
3.0,224,32.777444
1.0,149,32.936213
3.0,210,33.157322
2.0,195,33.363143
0.0,120,33.492988
2.0,195,33.707484
3.0,224,33.94253
0.0,120,34.073123
2.0,195,34.276661
5.0,342,34.63165
3.0,225,34.865159
0.0,120,34.993737
2.0,195,35.20046
0.0,120,35.332824
1.0,148,35.490236
1.0,167,35.66713
0.0,120,35.799848
0.0,120,35.92915
1.0,151,36.089415
0.0,120,36.220853
2.0,195,36.428287
1.0,148,36.589844
0.0,120,36.719232
0.0,120,36.849046
3.0,223,37.086162
1.0,148,37.249582
1.0,167,37.429355
6.0,323,37.76316
0.0,120,37.891358
3.0,225,38.132475
0.0,120,38.261159
3.0,224,38.498153
2.0,179,38.687892
2.0,195,38.896719
2.0,195,39.104863
3.0,223,39.340565
3.0,224,39.577391
2.0,179,39.770081
2.0,195,39.97786
0.0,120,40.108239
6.0,300,40.424312
2.0,195,40.636688
2.0,195,40.847337
2.0,215,41.074082
3.0,210,41.298293
0.0,120,41.430959
2.0,195,41.64018
2.0,177,41.830983
3.0,223,42.068659
2.0,179,42.262114
2.0,195,42.470331
2.0,195,42.680803
3.0,244,42.945443
1.0,149,43.106963
2.0,195,43.317404
3.0,223,43.558525
3.0,223,43.797083
2.0,179,43.996699
3.0,210,44.225681
1.0,148,44.389566
2.0,195,44.597342
3.0,243,44.859512
3.0,228,45.105829
2.0,195,45.317675
3.0,223,45.559469
2.0,195,45.771966
0.0,120,45.906775
2.0,179,46.10394
2.0,179,46.301758
3.0,210,46.530111
2.0,195,46.740856
2.0,195,46.958888
3.0,225,47.202515
2.0,195,47.416528
1.0,148,47.580175
1.0,148,47.744421
0.0,120,47.878753
0.0,120,48.01488
2.0,215,48.248581
3.0,210,48.476998
3.0,226,48.723769
2.0,179,48.923732
0.0,120,49.058607
2.0,195,49.272376
1.0,148,49.436467
2.0,179,49.635837
2.0,195,49.849138
0.0,120,49.98421
2.0,195,50.196771
1.0,149,50.364904
0.0,120,50.496746
0.0,120,50.630613
2.0,195,50.842135
0.0,120,50.975744
2.0,195,51.186929
1.0,148,51.348934
2.0,195,51.559994
2.0,195,51.772968
1.0,148,51.93494
2.0,195,52.144729
0.0,120,52.277113
2.0,195,52.489311
0.0,120,52.621637
2.0,195,52.833398
2.0,179,53.028091
2.0,195,53.239517
1.0,148,53.401344
2.0,195,53.612145
2.0,196,53.82409
3.0,210,54.053634
2.0,178,54.246179
0.0,120,54.378731
3.0,210,54.606802
2.0,179,54.80425
2.0,195,55.015285
2.0,196,55.226813
2.0,195,55.43831
2.0,195,55.651261
3.0,224,55.892176
3.0,223,56.131175
2.0,195,56.341338
2.0,195,56.555831
3.0,210,56.781934
2.0,196,56.997202
3.0,210,57.224612
0.0,121,57.359596
1.0,148,57.52148
3.0,224,57.764258
0.0,120,57.899774
1.0,148,58.068429
3.0,223,58.309426
2.0,196,58.521364
1.0,148,58.683491
3.0,245,58.951011
0.0,120,59.083619
2.0,195,59.294598
2.0,195,59.506036
2.0,215,59.940895
2.0,196,60.157229
3.0,245,60.426696
3.0,223,60.666497
0.0,120,60.801937
7.0,410,61.240793
4.0,257,61.517971
2.0,195,61.73086
2.0,195,61.944351
0.0,120,62.079533
2.0,195,62.291733
3.0,223,62.535543
0.0,120,62.670227
3.0,241,62.930393
3.0,223,63.173956
1.0,149,63.339457
3.0,223,63.582829
0.0,121,63.718538
0.0,121,63.856174
2.0,195,64.068655
1.0,149,64.234835
2.0,195,64.447448
0.0,120,64.583058
3.0,223,64.825341
2.0,195,65.039262
0.0,120,65.172367
2.0,195,65.386445
2.0,179,65.583272
2.0,195,65.797056
4.0,251,66.070077
2.0,215,66.305182
2.0,215,66.538782
2.0,179,66.736074
2.0,195,66.953871
2.0,178,67.149686
2.0,195,67.363102
2.0,177,67.556458
3.0,223,67.798942
0.0,121,67.933621
2.0,195,68.143999
2.0,195,68.358107
1.0,150,68.520837
0.0,120,68.652646
4.0,293,68.966887
2.0,179,69.164858
0.0,120,69.29646
2.0,196,69.507055
0.0,120,69.639346
3.0,223,69.883235
1.0,166,70.063918
2.0,179,70.257572
2.0,195,70.469872
2.0,195,70.685743
3.0,223,70.927695
2.0,196,71.137425
3.0,223,71.375586
0.0,121,71.513507
1.0,148,71.677089
1.0,149,71.840683
3.0,244,72.103979
3.0,210,72.333345
0.0,120,72.468089
0.0,120,72.602973
0.0,120,72.735198
3.0,210,72.965916
2.0,195,73.17958
0.0,120,73.314218
2.0,196,73.527334
2.0,179,73.725393
2.0,195,73.937783
7.0,392,74.355992
1.0,148,74.519988
0.0,121,74.656616
2.0,215,74.89102
3.0,223,75.132543
2.0,195,75.345728
2.0,179,75.544627
1.0,166,75.728346
0.0,120,75.862758
2.0,179,76.05983
3.0,223,76.302139
0.0,120,76.437379
2.0,216,76.6727
3.0,241,76.936001
3.0,225,77.190593
2.0,179,77.387935
1.0,167,77.572174
2.0,179,77.770416
3.0,244,78.041366
2.0,179,78.23593
2.0,179,78.430993
6.0,301,78.752461
3.0,210,78.979946
5.0,365,79.369504
0.0,121,79.501934
2.0,179,79.698062
0.0,120,79.831575
2.0,195,80.0407
3.0,210,80.267984
3.0,225,80.509794
3.0,210,80.738742
0.0,120,80.870731
2.0,179,81.064467
0.0,120,81.198548
2.0,179,81.394101
0.0,120,81.526122
2.0,179,81.721146
2.0,179,81.916473
0.0,120,82.050018
0.0,120,82.182103
3.0,210,82.408124
3.0,210,82.635253
2.0,195,82.846898
3.0,224,83.087011
2.0,179,83.280688
0.0,121,83.412763
3.0,241,83.67552
2.0,196,83.885757
0.0,120,84.017381
0.0,120,84.148766
2.0,179,84.342482
2.0,180,84.536913
0.0,120,84.668279
2.0,177,84.860417
1.0,149,85.023483
6.0,323,85.367494
3.0,223,85.605329
3.0,223,85.844284
2.0,196,86.056338
0.0,120,86.187752
4.0,255,86.46026
2.0,198,86.672271
2.0,195,86.884104
2.0,196,87.1005
3.0,210,87.330878
1.0,149,87.49152
3.0,210,87.717093
2.0,195,87.927303
0.0,120,88.058643
3.0,246,88.321374
0.0,120,88.45433
2.0,195,88.662825
1.0,148,88.826059
2.0,179,89.019928
2.0,179,89.214795
2.0,195,89.424389
2.0,195,89.747459
2.0,195,89.997904
3.0,223,90.242026
2.0,196,90.453284
0.0,120,90.584607
0.0,121,90.719065
2.0,196,90.930832
3.0,225,91.171847
2.0,196,91.381618
2.0,195,91.591138
3.0,225,91.83359
2.0,195,92.042874
3.0,210,92.269192
3.0,224,92.508373
1.0,148,92.67045
2.0,195,92.882379
2.0,198,93.09478
2.0,195,93.304374
3.0,223,93.543382
1.0,148,93.704177
3.0,244,93.965134
0.0,120,94.09581
2.0,195,94.307604
0.0,120,94.443982
3.0,242,94.705527
0.0,120,94.840774
0.0,120,94.973906
2.0,195,95.182253
0.0,120,95.31383
3.0,210,95.540594
0.0,120,95.67346
1.0,148,95.834247
3.0,225,96.075461
0.0,120,96.207011
2.0,195,96.418417
2.0,179,96.611888
3.0,223,96.849728
2.0,195,97.062157
1.0,149,97.22642
0.0,120,97.357686
0.0,120,97.488856
2.0,195,97.698996
2.0,195,97.91261
2.0,179,98.107322
2.0,177,98.298886
1.0,148,98.459558
3.0,224,98.699454
0.0,120,98.830567
1.0,149,98.991233
3.0,210,99.216869
3.0,228,99.462022
0.0,121,99.593887
3.0,223,99.832053
1.0,149,99.99298
2.0,195,100.203652
3.0,225,100.443524
2.0,196,100.653144
2.0,179,100.848469
0.0,121,100.981398
2.0,195,101.190429
3.0,210,101.416642
0.0,120,101.547834
3.0,210,101.774693
0.0,120,101.905785
0.0,120,102.037039
0.0,120,102.168288
3.0,210,102.393578
2.0,195,102.602456
3.0,223,102.840882
2.0,179,103.031997
0.0,121,103.166537
0.0,120,103.297532
2.0,196,103.506971
2.0,179,103.698944
1.0,149,103.862265
2.0,196,104.071128
1.0,148,104.230987
1.0,149,104.39164
0.0,120,104.523923
3.0,210,104.748151
0.0,120,104.881385
2.0,195,105.092663
0.0,120,105.227271
2.0,195,105.439019
2.0,215,105.67199
2.0,195,105.881545
2.0,179,106.080854
2.0,179,106.27624
0.0,120,106.409658
0.0,120,106.542471
0.0,120,106.677211
1.0,148,106.839943
1.0,148,107.002445
3.0,223,107.243057
3.0,223,107.483099
0.0,120,107.61641
8.0,462,108.104934
2.0,195,108.316083
1.0,148,108.480431
2.0,196,108.691786
0.0,120,108.825122
2.0,179,109.018851
2.0,195,109.232018
1.0,148,109.393861
3.0,225,109.636518
2.0,196,109.848095
2.0,195,110.061139
2.0,195,110.272168
2.0,195,110.483707
0.0,120,110.617466
3.0,225,110.864263
2.0,179,111.059866
2.0,195,111.270394
2.0,195,111.481905
3.0,223,111.723712
5.0,341,112.083652
1.0,150,112.248807
0.0,120,112.382118
2.0,195,112.593241
3.0,223,112.83351
3.0,210,113.06158
3.0,223,113.300763
1.0,148,113.46466
1.0,148,113.62488
1.0,148,113.787393
2.0,195,113.999223
2.0,195,114.212292
4.0,270,114.502137
2.0,195,114.714384
3.0,210,114.942896
0.0,120,115.077833
0.0,121,115.212261
0.0,120,115.34594
3.0,210,115.572661
2.0,196,115.786791
2.0,196,115.999785
2.0,195,116.211526
2.0,179,116.406492
2.0,195,116.619813
0.0,120,116.753521
2.0,179,116.948539
2.0,195,117.160573
2.0,195,117.374197
4.0,251,117.644642
2.0,195,117.855838
2.0,196,118.066622
1.0,150,118.234398
2.0,180,118.430864
2.0,195,118.642774
0.0,120,118.776635
2.0,195,118.988144
3.0,210,119.216763
3.0,223,119.458136
2.0,195,119.810087
2.0,195,120.029142
2.0,196,120.23954
4.0,241,120.499593
2.0,195,120.710097
2.0,195,120.921218
3.0,227,121.164179
3.0,224,121.403373
3.0,223,121.640543
3.0,210,121.867762
2.0,195,122.076911
2.0,179,122.268567
0.0,120,122.399827
2.0,195,122.610694
2.0,195,122.820331
2.0,195,123.029212
2.0,195,123.236155
2.0,179,123.43014
2.0,195,123.639539
2.0,195,123.848379
3.0,210,124.072443
2.0,179,124.266356
3.0,210,124.490517
2.0,179,124.68373
2.0,195,124.892911
2.0,196,125.103851
2.0,197,125.3148
3.0,210,125.540448
0.0,120,125.671537
2.0,195,125.880802
2.0,195,126.090083
3.0,210,126.31648
3.0,223,126.553241
2.0,195,126.764249
0.0,120,126.895264
2.0,179,127.08906
0.0,120,127.22046
3.0,244,127.482124
2.0,195,127.690997
0.0,120,127.822878
3.0,210,128.047346
0.0,120,128.180357
0.0,121,128.312786
2.0,179,128.505611
0.0,120,128.636836
0.0,120,128.769594
2.0,195,128.979655
0.0,120,129.110398
2.0,195,129.319932
0.0,120,129.452488
0.0,120,129.584521
3.0,210,129.809187
2.0,195,130.018144
1.0,166,130.197801
0.0,120,130.32914
1.0,148,130.489614
3.0,210,130.716071
0.0,121,130.849557
0.0,120,130.980919
2.0,195,131.19028
3.0,210,131.415083
2.0,195,131.626308
0.0,121,131.757961
3.0,207,131.982557
1.0,149,132.143661
4.0,290,132.453652
2.0,195,132.665443
2.0,196,132.879194
1.0,148,133.039875
0.0,120,133.17298
3.0,243,133.430715
2.0,195,133.639549
2.0,195,133.849097
2.0,179,134.046244
2.0,196,134.259431
2.0,179,134.454273
2.0,195,134.666836
2.0,195,134.884014
1.0,149,135.047975
1.0,149,135.21167
0.0,120,135.345867
1.0,148,135.512093
3.0,210,135.741415
2.0,195,135.953703
3.0,225,136.196823
2.0,195,136.413097
2.0,195,136.624148
1.0,166,136.806945
1.0,148,136.970209
0.0,120,137.107895
1.0,148,137.271572
0.0,120,137.405845
2.0,195,137.618484
2.0,195,137.833773
5.0,309,138.167578
0.0,120,138.30188
0.0,120,138.436778
2.0,195,138.656352
0.0,120,138.793729
0.0,120,138.929057
2.0,195,139.141371
0.0,120,139.279304
2.0,196,139.492143
3.0,243,139.756845
2.0,195,139.969603
1.0,149,140.136962
2.0,179,140.333247
0.0,120,140.467525
1.0,148,140.630528
0.0,120,140.767211
0.0,120,140.901237
0.0,120,141.035285
2.0,195,141.245798
2.0,195,141.461828
2.0,195,141.674812
4.0,259,141.955363
2.0,195,142.165977
3.0,210,142.39903
2.0,195,142.612114
2.0,179,142.807902
3.0,225,143.053696
0.0,120,143.191413
2.0,179,143.386555
2.0,179,143.583623
3.0,223,143.823305
0.0,120,143.958116
4.0,293,144.271805
2.0,195,144.483497
0.0,120,144.617472
1.0,149,144.78468
2.0,197,144.997978
3.0,224,145.239755
3.0,210,145.468272
2.0,195,145.682938
2.0,195,145.890765
1.0,148,146.053442
0.0,120,146.185109
3.0,223,146.427842
4.0,277,146.724547
2.0,179,146.918184
0.0,120,147.051523
2.0,195,147.271525
2.0,195,147.48376
2.0,179,147.679379
2.0,179,147.876344
3.0,223,148.12243
2.0,179,148.31958
3.0,223,148.560537
1.0,166,148.743821
3.0,210,148.975335
4.0,257,149.254419
2.0,177,149.447626
2.0,195,149.78672
1.0,148,149.974564
2.0,196,150.188747
3.0,210,150.419112
2.0,195,150.62956
3.0,210,150.859083
3.0,225,151.101738
3.0,225,151.343616
1.0,148,151.50527
2.0,195,151.718399
0.0,120,151.852478
0.0,120,151.986387
0.0,120,152.120108
3.0,223,152.36318
2.0,179,152.559475
0.0,120,152.693757
2.0,179,152.890226
3.0,223,153.135659
4.0,273,153.427898
1.0,149,153.591835
2.0,195,153.803551
0.0,120,153.941769
0.0,120,154.076397
3.0,223,154.318238
2.0,179,154.513468
0.0,120,154.652322
0.0,120,154.786613
3.0,210,155.012551
2.0,195,155.222742
2.0,195,155.432194
3.0,210,155.65816
2.0,196,155.867884
0.0,120,155.999
0.0,120,156.13155
2.0,196,156.341146
3.0,247,156.604751
0.0,120,156.735684
2.0,196,156.946772
3.0,210,157.170869
0.0,120,157.30832
2.0,195,157.518026
2.0,195,157.731596
3.0,210,157.956667
2.0,195,158.166286
2.0,195,158.376315
2.0,179,158.569419
2.0,179,158.762478
1.0,148,158.922886
2.0,179,159.116021
2.0,195,159.326845
0.0,120,159.458073
0.0,120,159.58917
3.0,223,159.826666
2.0,197,160.041224
2.0,179,160.232895
3.0,210,160.459078
0.0,120,160.590086
3.0,229,160.838834
0.0,121,160.970623
1.0,148,161.130969
2.0,196,161.34066
2.0,179,161.536198
0.0,121,161.670441
3.0,225,161.911608
2.0,195,162.119477
2.0,195,162.331439
4.0,261,162.60934
3.0,210,162.83692
3.0,210,163.061771
2.0,195,163.272602
0.0,120,163.40331
2.0,195,163.612542
2.0,179,163.806359
0.0,120,163.938812
4.0,273,164.228904
2.0,195,164.438242
3.0,223,164.674819
1.0,167,164.85666
0.0,120,164.989218
0.0,120,165.120396
2.0,195,165.330237
2.0,195,165.543884
3.0,223,165.781285
2.0,196,165.99147
2.0,178,166.184182
2.0,195,166.3965
2.0,179,166.587882
2.0,179,166.781024
2.0,195,166.990816
3.0,210,167.216816
3.0,210,167.442891
1.0,148,167.603351
2.0,195,167.813351
0.0,120,167.94613
4.0,260,168.223249
1.0,148,168.383414
2.0,179,168.575413
3.0,210,168.803217
2.0,195,169.012507
3.0,223,169.250222
2.0,196,169.459936
0.0,120,169.592881
2.0,179,169.786337
0.0,121,169.917772
2.0,179,170.110924
0.0,120,170.24383
2.0,195,170.453022
2.0,179,170.645563
3.0,223,170.882033
3.0,223,171.12184
2.0,179,171.31472
2.0,195,171.524153
0.0,120,171.65547
0.0,120,171.788465
2.0,195,171.996582
0.0,120,172.127408
2.0,179,172.320616
2.0,195,172.531568
5.0,322,172.873342
2.0,195,173.082541
2.0,196,173.291905
3.0,223,173.532148
1.0,148,173.692144
2.0,179,173.885548
2.0,215,174.114564
3.0,210,174.341592
3.0,243,174.601911
0.0,120,174.733038
0.0,120,174.864655
0.0,120,174.996976
2.0,195,175.204441
0.0,120,175.335728
1.0,148,175.496025
3.0,210,175.72348
2.0,195,175.933621
2.0,196,176.143848
3.0,223,176.381013
1.0,149,176.545203
2.0,196,176.755269
2.0,179,176.946852
0.0,120,177.078239
1.0,149,177.243263
2.0,195,177.451273
2.0,178,177.643876
0.0,120,177.776189
3.0,210,178.002528
3.0,210,178.228502
5.0,275,178.521909
0.0,121,178.653932
3.0,223,178.894187
2.0,195,179.102147
1.0,148,179.262103
6.0,324,179.689236
3.0,210,179.999326
0.0,120,180.133663
2.0,195,180.347655
2.0,195,180.555614
3.0,210,180.783626
0.0,120,180.914724
2.0,195,181.124684
3.0,210,181.349436
2.0,195,181.560237
2.0,197,181.770123
2.0,195,181.978809
2.0,178,182.16937
3.0,207,182.392481
1.0,149,182.553426
2.0,195,182.763026
3.0,223,183.001541
0.0,120,183.133977
2.0,179,183.326698
0.0,120,183.45732
0.0,120,183.588559
1.0,149,183.750891
3.0,210,183.974153
0.0,120,184.105021
2.0,195,184.31399
2.0,179,184.508019
3.0,210,184.734313
3.0,210,184.962193
2.0,179,185.155483
2.0,196,185.367122
3.0,223,185.603829
3.0,244,185.865811
3.0,227,186.107884
0.0,120,186.240208
3.0,223,186.480906
3.0,210,186.70749
2.0,179,186.899899
2.0,179,187.094461
0.0,120,187.227561
0.0,120,187.361179
0.0,120,187.493894
4.0,293,187.808566
2.0,179,188.004023
3.0,243,188.263671
3.0,223,188.500085
1.0,149,188.664437
3.0,225,188.907141
6.0,387,189.316362
2.0,195,189.526109
3.0,223,189.76707
3.0,244,190.026965
2.0,195,190.236448
3.0,225,190.479047
2.0,195,190.691193
0.0,120,190.822936
0.0,120,190.954839
2.0,179,191.148802
2.0,179,191.342043
0.0,120,191.473504
2.0,195,191.683118
5.0,292,191.994574
2.0,195,192.205631
4.0,293,192.515793
3.0,223,192.758515
2.0,197,192.970172
3.0,210,193.198291
2.0,195,193.406308
2.0,195,193.6163
5.0,294,193.930012
0.0,120,194.062632
2.0,215,194.291601
3.0,223,194.530732
2.0,179,194.724391
3.0,224,194.967424
3.0,223,195.20617
0.0,120,195.337385
0.0,120,195.468662
2.0,215,195.698541
1.0,149,195.861285
0.0,120,195.992484
4.0,272,196.282438
0.0,120,196.414738
2.0,195,196.622598
2.0,198,196.835813
3.0,210,197.060646
0.0,120,197.193428
1.0,148,197.354166
0.0,121,197.487519
3.0,210,197.712023
2.0,196,197.924795
2.0,196,198.135019
1.0,149,198.296475
1.0,149,198.458868
1.0,148,198.62104
2.0,179,198.813025
1.0,149,198.976463
2.0,196,199.186765
2.0,179,199.380152
0.0,120,199.511443
3.0,210,199.739767
1.0,149,199.901712
3.0,223,200.143172
3.0,243,200.402856
0.0,120,200.534137
5.0,321,200.87486
0.0,121,201.007962
2.0,179,201.200804
2.0,195,201.409861
3.0,223,201.646828
0.0,120,201.780582
3.0,224,202.019763
2.0,179,202.213154
0.0,120,202.344781
2.0,195,202.556044
3.0,223,202.795574
2.0,195,203.003369
2.0,179,203.196831
0.0,120,203.329212
0.0,121,203.460953
3.0,210,203.687584
2.0,195,203.896641
2.0,195,204.106026
2.0,195,204.315716
0.0,120,204.446475
3.0,223,204.684639
3.0,223,204.925076
3.0,223,205.161819
2.0,195,205.371867
0.0,120,205.503349
3.0,223,205.743653
2.0,179,205.947017
2.0,179,206.145788
2.0,195,206.365072
3.0,223,206.606348
2.0,196,206.817115
3.0,210,207.041846
0.0,120,207.173761
4.0,254,207.4505
0.0,120,207.586044
1.0,148,207.746887
3.0,210,207.971533
3.0,244,208.233384
0.0,120,208.36429
1.0,148,208.524873
1.0,148,208.686505
0.0,120,208.819339
0.0,120,208.950649
2.0,179,209.143116
2.0,178,209.335431
3.0,223,209.606072
2.0,196,209.939448
2.0,179,210.135319
3.0,242,210.398761
6.0,368,210.790826
3.0,223,211.028391
2.0,195,211.23837
1.0,167,211.419775
3.0,223,211.661191
1.0,150,211.823214
3.0,223,212.062646
3.0,223,212.301805
1.0,148,212.463742
3.0,223,212.701798
3.0,223,212.941531
2.0,196,213.154106
1.0,148,213.316102
2.0,179,213.51257
0.0,120,213.646616
1.0,148,213.807304
3.0,225,214.049799
1.0,148,214.210813
2.0,179,214.404513
2.0,179,214.597879
3.0,223,214.837679
2.0,195,215.047236
3.0,225,215.287753
2.0,196,215.498054
2.0,179,215.693899
2.0,195,215.9037
1.0,148,216.064571
2.0,195,216.274782
2.0,216,216.507885
2.0,179,216.700704
2.0,197,216.914259
0.0,121,217.047261
2.0,195,217.25967
3.0,223,217.497148
5.0,302,217.820435
3.0,225,218.061815
3.0,223,218.303143
0.0,120,218.435055
2.0,179,218.629199
0.0,120,218.760563
1.0,167,218.941924
0.0,120,219.073645
3.0,223,219.313227
3.0,223,219.552687
2.0,195,219.765049
3.0,224,220.00581
2.0,179,220.198162
0.0,120,220.329676
1.0,148,220.492357
2.0,195,220.702352
3.0,242,220.964477
2.0,195,221.172877
5.0,278,221.472526
3.0,243,221.733104
3.0,210,221.958809
2.0,195,222.169837
2.0,195,222.382209
2.0,195,222.590951
6.0,328,222.940738
2.0,196,223.152288
4.0,293,223.467858
2.0,195,223.678047
2.0,196,223.889012
2.0,195,224.099054
2.0,215,224.331615
0.0,120,224.463264
2.0,179,224.657485
3.0,223,224.895972
0.0,120,225.02924
0.0,120,225.161072
2.0,195,225.371119
3.0,223,225.610654
2.0,179,225.805873
2.0,195,226.014801
3.0,210,226.243979
2.0,195,226.456214
3.0,223,226.694825
2.0,195,226.907433
2.0,195,227.120506
2.0,195,227.333235
2.0,179,227.526766
0.0,120,227.661039
0.0,120,227.793174
2.0,196,228.00378
0.0,120,228.136865
2.0,179,228.333069
2.0,179,228.530114
2.0,195,228.742814
3.0,244,229.005585
2.0,179,229.200444
2.0,195,229.413061
1.0,149,229.576869
2.0,195,229.790812
2.0,179,229.9854
0.0,122,230.120757
0.0,120,230.254501
2.0,195,230.466428
2.0,195,230.678353
2.0,195,230.888371
0.0,120,231.0226
1.0,149,231.185481
0.0,121,231.32015
2.0,179,231.51616
0.0,120,231.648463
0.0,121,231.782184
3.0,210,232.011761
1.0,148,232.175461
0.0,121,232.309968
2.0,179,232.505429
2.0,195,232.714633
0.0,121,232.848999
0.0,120,232.983387
9.0,313,233.316843
2.0,180,233.514149
2.0,195,233.727132
3.0,223,233.96771
3.0,225,234.211983
0.0,120,234.346664
4.0,293,234.660409
3.0,223,234.902451
2.0,195,235.112307
3.0,243,235.374912
4.0,276,235.672385
2.0,196,235.882705
3.0,223,236.123747
0.0,120,236.257873
0.0,120,236.392215
0.0,120,236.52614
3.0,227,236.772718
0.0,120,236.905526
2.0,179,237.098327
1.0,148,237.259012
0.0,120,237.391975
2.0,179,237.587447
2.0,195,237.798227
3.0,244,238.058792
3.0,223,238.301175
2.0,179,238.495669
3.0,246,238.761069
2.0,179,238.956497
2.0,196,239.170357
2.0,195,239.380348
1.0,167,239.569884
0.0,120,239.84912
2.0,179,240.059429
2.0,195,240.272877
4.0,293,240.590411
2.0,195,240.803935
0.0,120,240.941778
0.0,120,241.076488
0.0,120,241.210839
3.0,210,241.438817
0.0,121,241.576825
2.0,195,241.788766
3.0,225,242.029579
2.0,195,242.241885
0.0,120,242.377701
2.0,216,242.611612
2.0,195,242.824511
0.0,120,242.958672
0.0,120,243.0944
2.0,195,243.304411
3.0,224,243.543823
2.0,195,243.754247
0.0,120,243.891958
2.0,178,244.086957
2.0,179,244.283078
3.0,210,244.50983
0.0,120,244.645329
3.0,207,244.870577
0.0,120,245.00472
2.0,195,245.215729
2.0,195,245.429477
1.0,148,245.593244
2.0,180,245.790099
0.0,120,245.923787
0.0,120,246.060909
1.0,166,246.24479
0.0,120,246.379353
3.0,245,246.64431
0.0,121,246.782423
0.0,120,246.916783
1.0,166,247.097429
0.0,120,247.231128
2.0,195,247.44872
2.0,195,247.660001
2.0,195,247.873075
0.0,120,248.006913
2.0,195,248.220841
2.0,178,248.414297
0.0,120,248.545788
12.0,496,249.071488
2.0,179,249.267545
2.0,195,249.477583
2.0,195,249.687774
1.0,148,249.849004
2.0,195,250.059425
3.0,223,250.298832
3.0,223,250.538553
3.0,223,250.778521
0.0,121,250.912545
2.0,179,251.106194
2.0,177,251.29662
2.0,195,251.506762
1.0,148,251.669173
3.0,206,251.89038
0.0,120,252.022176
0.0,120,252.153455
3.0,210,252.382833
0.0,120,252.514493
2.0,195,252.723195
2.0,179,252.917303
1.0,149,253.080687
2.0,195,253.290116
1.0,166,253.469708
2.0,195,253.678282
3.0,223,253.91933
2.0,195,254.129564
3.0,223,254.368571
2.0,196,254.579245
0.0,120,254.712258
2.0,195,254.922777
2.0,195,255.133235
0.0,120,255.264611
2.0,195,255.475965
0.0,120,255.607952
2.0,196,255.819227
1.0,148,255.980436
3.0,227,256.225428
3.0,227,256.467403
2.0,178,256.660649
2.0,195,256.870558
0.0,121,257.004145
3.0,223,257.243289
3.0,210,257.471313
0.0,120,257.605827
2.0,179,257.803627
2.0,195,258.014077
2.0,196,258.224801
0.0,120,258.355855
1.0,148,258.518914
2.0,195,258.72781
2.0,195,258.938107
0.0,120,259.069894
2.0,195,259.281909
3.0,223,259.521668
2.0,195,259.731782
0.0,120,259.863436
1.0,149,260.028499
2.0,195,260.237171
0.0,120,260.369434
2.0,179,260.564084
3.0,210,260.795322
3.0,223,261.033619
3.0,210,261.260677
3.0,210,261.486549
2.0,179,261.682414
2.0,195,261.893265
0.0,120,262.025612
3.0,210,262.252151
2.0,179,262.448192
3.0,210,262.674974
2.0,195,262.884452
0.0,120,263.018607
3.0,210,263.248082
2.0,179,263.441922
2.0,195,263.650873
2.0,179,263.844876
0.0,120,263.97774
0.0,120,264.10974
2.0,196,264.320684
3.0,210,264.547837
3.0,223,264.787423
2.0,177,264.98016
3.0,223,265.218489
3.0,227,265.465601
2.0,179,265.661398
3.0,210,265.889908
1.0,148,266.051214
2.0,195,266.26135
3.0,210,266.490158
12.0,496,267.016319
2.0,195,267.225746
0.0,120,267.357839
1.0,166,267.543168
3.0,208,267.767441
2.0,196,267.978824
0.0,120,268.110262
2.0,195,268.321797
3.0,243,268.58084
2.0,195,268.79109
3.0,223,269.030755
2.0,179,269.226195
2.0,179,269.418478
0.0,120,269.551085
3.0,223,269.958389
0.0,120,270.097266
3.0,207,270.327828
2.0,195,270.54785
0.0,120,270.681176
2.0,195,270.89191
2.0,196,271.103068
2.0,195,271.313581
2.0,195,271.524754
0.0,120,271.658238
2.0,197,271.87133
2.0,195,272.081861
1.0,148,272.242949
0.0,121,272.37729
0.0,120,272.50962
3.0,224,272.752321
3.0,207,272.976351
2.0,195,273.188329
3.0,225,273.430191
3.0,223,273.670278
3.0,223,273.909287
2.0,195,274.121526
3.0,210,274.349114
0.0,120,274.481298
4.0,234,274.731153
2.0,195,274.943938
4.0,290,275.253256
2.0,195,275.46401
2.0,195,275.674418
1.0,148,275.837767
1.0,149,275.999749
2.0,179,276.194258
4.0,253,276.465769
0.0,120,276.599656
2.0,195,276.810891
2.0,195,277.021611
0.0,120,277.153495
1.0,148,277.316332
0.0,120,277.448383
0.0,121,277.58146
1.0,149,277.743785
2.0,196,277.95887
1.0,148,278.121337
1.0,149,278.284656
0.0,120,278.417159
2.0,195,278.629971
0.0,120,278.762353
2.0,195,278.973745
0.0,120,279.106129
3.0,223,279.347958
2.0,195,279.557075
0.0,120,279.690383
3.0,223,279.931908
2.0,195,280.144562
2.0,195,280.35578
2.0,195,280.565127
1.0,149,280.729546
2.0,195,280.940465
3.0,242,281.201073
3.0,223,281.441339
2.0,179,281.634778
0.0,120,281.768391
3.0,210,281.99683
2.0,195,282.208992
2.0,179,282.402483
2.0,179,282.60015
1.0,149,282.763537
0.0,120,282.896469
0.0,120,283.028831
2.0,195,283.242471
3.0,210,283.470484
3.0,210,283.698096
2.0,196,283.910537
1.0,149,284.074711
2.0,179,284.269527
2.0,179,284.464499
2.0,179,284.659664
4.0,293,284.976181
0.0,120,285.108544
0.0,120,285.240704
2.0,179,285.435252
2.0,196,285.648255
3.0,224,285.889235
2.0,195,286.098697
2.0,195,286.309786
2.0,179,286.505762
2.0,179,286.700978
2.0,196,286.912551
3.0,210,287.139083
2.0,180,287.336282
2.0,195,287.54774
2.0,195,287.759309
2.0,179,287.952432
2.0,195,288.16535
2.0,195,288.376928
0.0,120,288.509577
2.0,195,288.720703
0.0,120,288.85502
3.0,225,289.097878
3.0,224,289.340202
0.0,121,289.473052
3.0,224,289.717815
1.0,149,289.880244
0.0,120,290.012746
3.0,225,290.257295
0.0,120,290.390782
0.0,120,290.522928
2.0,195,290.732267
1.0,149,290.896389
2.0,179,291.091196
2.0,179,291.285625
0.0,120,291.417982
2.0,195,291.629648
0.0,120,291.763815
3.0,224,292.005585
3.0,241,292.26458
2.0,179,292.460439
3.0,241,292.72118
4.0,290,293.03322
2.0,195,293.241953
1.0,149,293.405314
3.0,206,293.627935
0.0,120,293.759973
2.0,179,293.954364
2.0,195,294.164715
2.0,179,294.35934
2.0,179,294.554788
6.0,364,294.942323
0.0,120,295.074613
0.0,120,295.207993
2.0,179,295.402719
4.0,293,295.715607
0.0,120,295.847396
2.0,195,296.059214
1.0,148,296.220739
2.0,197,296.43291
0.0,120,296.564841
2.0,179,296.761378
3.0,223,297.00148
2.0,195,297.210344
2.0,195,297.420973
3.0,210,297.655692
0.0,120,297.788113
2.0,179,297.980827
3.0,224,298.221284
3.0,223,298.462992
0.0,120,298.594988
2.0,195,298.806383
2.0,179,299.001638
0.0,120,299.135593
2.0,195,299.34584
2.0,195,299.557994
0.0,120,299.85043
0.0,120,300.008392
2.0,195,300.229347
1.0,148,300.398078
2.0,179,300.597442
0.0,120,300.738874
3.0,224,300.982302
2.0,195,301.19274
4.0,293,301.507951
0.0,120,301.642739
0.0,120,301.775357
2.0,195,301.985247
3.0,210,302.213795
4.0,293,302.528846
3.0,210,302.758816
0.0,120,302.891421
0.0,120,303.023758
2.0,195,303.235134
0.0,121,303.370164
1.0,148,303.532455
3.0,210,303.75961
2.0,195,303.973687
2.0,195,304.18511
6.0,362,304.571436
4.0,292,304.885618
2.0,179,305.083038
2.0,178,305.275751
0.0,120,305.408581
2.0,177,305.602734
0.0,120,305.737655
0.0,120,305.87066
4.0,293,306.185627
2.0,180,306.38162
3.0,210,306.610249
2.0,195,306.822013
0.0,120,306.954532
3.0,223,307.195762
3.0,242,307.457461
2.0,195,307.669734
3.0,224,307.912591
0.0,120,308.045685
2.0,179,308.242568
0.0,121,308.375839
0.0,120,308.508664
0.0,120,308.641549
2.0,195,308.854846
2.0,179,309.050701
2.0,195,309.262792
1.0,149,309.427193
4.0,274,309.723171
0.0,120,309.855628
1.0,148,310.018242
2.0,179,310.213993
2.0,215,310.448356
3.0,207,310.671599
2.0,195,310.883999
0.0,120,311.016649
2.0,195,311.23056
2.0,179,311.426226
3.0,210,311.653404
3.0,223,311.895268
2.0,195,312.11156
1.0,166,312.292473
2.0,195,312.505345
2.0,195,312.718776
1.0,148,312.883789
2.0,195,313.094685
3.0,210,313.323853
0.0,120,313.456723
1.0,149,313.624173
4.0,270,313.91659
2.0,195,314.126671
2.0,179,314.322669
3.0,206,314.54932
2.0,195,314.760529
2.0,195,314.974797
2.0,195,315.187642
2.0,195,315.402082
2.0,196,315.614454
2.0,195,315.825583
2.0,179,316.021568
1.0,148,316.186277
3.0,210,316.415662
3.0,210,316.64434
2.0,195,316.856657
0.0,120,316.991949
2.0,179,317.18886
2.0,195,317.400484
0.0,120,317.533735
2.0,195,317.748518
0.0,120,317.881419
2.0,180,318.081565
4.0,293,318.399786
2.0,196,318.614497
3.0,210,318.8431
1.0,166,319.024345
2.0,195,319.23672
1.0,166,319.420082
2.0,195,319.63064
2.0,195,319.845003
3.0,223,320.09022
4.0,289,320.408829
2.0,179,320.608484
0.0,120,320.745257
3.0,210,320.97418
0.0,120,321.114713
4.0,293,321.434573
2.0,195,321.64809
1.0,148,321.814076
3.0,210,322.051118
2.0,195,322.266661
2.0,195,322.480743
2.0,195,322.696975
2.0,195,322.920997
0.0,120,323.060551
2.0,179,323.261377
0.0,120,323.397396
2.0,195,323.614144
2.0,179,323.810966
3.0,210,324.041076
3.0,207,324.265332
3.0,223,324.509574
2.0,195,324.722774
0.0,120,324.856134
0.0,120,324.989897
1.0,148,325.154932
1.0,148,325.317844
3.0,223,325.5606
1.0,149,325.724573
3.0,223,325.968989
2.0,195,326.18077
1.0,148,326.34426
0.0,120,326.478137
0.0,120,326.613057
0.0,120,326.747069
3.0,210,326.977945
3.0,223,327.220357
2.0,195,327.433041
0.0,121,327.575306
1.0,148,327.742766
1.0,148,327.910742
1.0,149,328.084893
0.0,120,328.224463
1.0,148,328.392783
2.0,195,328.609215
1.0,148,328.778981
3.0,223,329.022912
2.0,195,329.238813
3.0,223,329.484065
0.0,120,329.698471
0.0,121,329.909097
2.0,195,330.124868
2.0,195,330.342668
0.0,120,330.481697
3.0,210,330.712692
1.0,148,330.878897
2.0,195,331.094593
0.0,120,331.233336
3.0,223,331.478679
0.0,120,331.615121
3.0,210,331.846826
3.0,223,332.096662
2.0,195,332.312954
3.0,243,332.578136
2.0,179,332.780034
3.0,224,333.03109
1.0,166,333.216962
3.0,224,333.464003
0.0,120,333.60214
3.0,210,333.841358
0.0,120,333.980418
0.0,120,334.117672
2.0,195,334.333654
2.0,195,334.552836
3.0,210,334.783946
0.0,120,334.920621
2.0,195,335.137362
2.0,196,335.35732
3.0,210,335.587974
2.0,196,335.804151
2.0,195,336.020069
3.0,207,336.252306
2.0,195,336.468275
2.0,196,336.684803
2.0,179,336.882643
4.0,254,337.165555
4.0,294,337.485272
0.0,120,337.621492
0.0,121,337.761117
2.0,196,337.9816
0.0,120,338.118004
0.0,120,338.255034
1.0,149,338.421782
1.0,148,338.594475
2.0,195,338.811337
0.0,120,338.948989
2.0,195,339.165049
2.0,179,339.373092
0.0,120,339.512674
4.0,293,339.834422
2.0,179,340.034288
3.0,224,340.284915
0.0,120,340.421166
2.0,195,340.637853
1.0,166,340.822053
0.0,120,340.961557
2.0,195,341.177344
4.0,293,341.497578
2.0,179,341.697103
0.0,120,341.836725
2.0,195,342.053258
3.0,210,342.285059
0.0,120,342.421245
3.0,225,342.673942
2.0,179,342.872613
4.0,275,343.171843
2.0,179,343.369552
0.0,120,343.504929
2.0,179,343.705001
0.0,121,343.84188
1.0,149,344.005913
0.0,120,344.14199
3.0,225,344.390978
0.0,120,344.528181
3.0,223,344.773818
0.0,120,344.912055
2.0,195,345.127714
0.0,121,345.265053
3.0,223,345.511964
2.0,195,345.728355
3.0,223,345.973992
3.0,223,346.221448
1.0,148,346.38864
3.0,224,346.634534
2.0,196,346.852331
0.0,120,346.989487
1.0,149,347.154826
1.0,170,347.344873
2.0,195,347.56245
2.0,195,347.779202
3.0,211,348.014533
1.0,148,348.184266
2.0,179,348.385258
1.0,149,348.553037
0.0,120,348.689796
3.0,244,348.963937
2.0,196,349.182485
3.0,225,349.432733
2.0,179,349.634349
3.0,210,349.870548
1.0,148,350.035134
0.0,120,350.17294
2.0,195,350.386505
2.0,195,350.602551
2.0,195,350.820214
0.0,120,350.95698
3.0,246,351.225301
0.0,120,351.36164
3.0,223,351.60934
0.0,120,351.746768
1.0,148,351.91441
2.0,179,352.118641
2.0,195,352.336734
0.0,120,352.473969
2.0,215,352.711011
3.0,223,352.96294
2.0,195,353.180144
0.0,120,353.31696
2.0,195,353.53521
1.0,149,353.705306
2.0,195,353.923061
2.0,179,354.123029
3.0,210,354.357777
0.0,120,354.498641
2.0,195,354.717348
4.0,293,355.04006
2.0,195,355.258797
3.0,223,355.508972
2.0,195,355.728356
3.0,242,355.998009
3.0,241,356.267304
0.0,120,356.413384
3.0,224,356.664572
2.0,195,356.883424
2.0,196,357.102096
2.0,179,357.304931
2.0,195,357.522881
3.0,210,357.759874
2.0,196,357.978563
1.0,149,358.150021
1.0,149,358.317996
2.0,177,358.51614
0.0,120,358.654114
2.0,179,358.858868
0.0,120,358.997219
2.0,195,359.217709
0.0,120,359.355046
1.0,148,359.525147
0.0,120,359.774571
2.0,195,360.058592
2.0,179,360.257925
3.0,210,360.497544
0.0,120,360.633198
2.0,196,360.850971
0.0,120,360.985831
2.0,179,361.190339
2.0,195,361.40696
3.0,245,361.678177
0.0,120,361.82121
2.0,179,362.033708
3.0,223,362.278412
0.0,120,362.41317
2.0,195,362.628036
3.0,223,362.875546
2.0,179,363.071783
3.0,223,363.316485
0.0,120,363.451287
0.0,120,363.587934
1.0,166,363.772329
1.0,148,363.937205
3.0,224,364.18253
2.0,195,364.397731
0.0,120,364.533123
3.0,223,364.778916
3.0,230,365.033363
3.0,210,365.268
0.0,120,365.403428
0.0,120,365.538665
3.0,210,365.771929
3.0,207,366.001213
0.0,120,366.136547
2.0,195,366.352301
0.0,120,366.487849
1.0,148,366.654994
2.0,179,366.85752
3.0,223,367.107654
3.0,210,367.344194
3.0,225,367.604346
1.0,149,367.777225
0.0,120,367.915961
0.0,120,368.05423
1.0,150,368.226743
2.0,195,368.446209
4.0,251,368.725203
2.0,195,368.942271
2.0,179,369.14806
1.0,149,369.317605
0.0,120,369.455268
2.0,179,369.658075
2.0,179,369.863638
3.0,225,370.11352
3.0,223,370.359852
0.0,120,370.494988
3.0,223,370.747164
2.0,195,370.964163
3.0,224,371.213964
0.0,120,371.352508
2.0,179,371.559245
2.0,179,371.762379
2.0,195,371.982022
0.0,121,372.120646
2.0,179,372.326468
2.0,179,372.524456
2.0,181,372.727142
0.0,121,372.865007
2.0,180,373.067816
2.0,179,373.267276
0.0,120,373.402802
1.0,149,373.568954
3.0,223,373.816431
3.0,210,374.047556
2.0,179,374.245948
4.0,293,374.564753
1.0,149,374.731993
2.0,179,374.931509
2.0,195,375.147892
1.0,148,375.312832
0.0,120,375.449133
2.0,179,375.647493
3.0,223,375.891268
2.0,177,376.087733
0.0,120,376.224386
2.0,196,376.440023
2.0,179,376.637271
2.0,195,376.853242
0.0,120,376.989681
0.0,120,377.125002
2.0,179,377.323967
2.0,179,377.522124
3.0,224,377.770362
2.0,179,377.967759
0.0,120,378.102848
3.0,223,378.349281
0.0,120,378.486063
2.0,195,378.701599
2.0,179,378.900139
1.0,149,379.065804
2.0,195,379.282661
4.0,293,379.604174
0.0,120,379.738951
0.0,120,379.874105
0.0,120,380.010389
3.0,223,380.258056
0.0,120,380.396629
2.0,178,380.595339
2.0,179,380.797743
4.0,290,381.113334
4.0,253,381.391941
2.0,195,381.605666
3.0,223,381.853018
2.0,196,382.069164
0.0,120,382.204105
3.0,210,382.436682
0.0,120,382.573375
0.0,121,382.708602
3.0,224,382.955959
2.0,179,383.154894
4.0,293,383.476463
3.0,210,383.70762
3.0,223,383.953338
3.0,223,384.198911
2.0,179,384.399935
0.0,120,384.534903
2.0,195,384.748897
2.0,179,384.947768
2.0,196,385.165386
3.0,210,385.398399
0.0,120,385.533607
2.0,195,385.748354
2.0,179,385.948763
3.0,223,386.194338
3.0,210,386.425799
2.0,195,386.64114
0.0,120,386.777668
3.0,224,387.023234
0.0,120,387.158344
3.0,223,387.406299
12.0,496,387.947696
3.0,224,388.194003
2.0,195,388.409495
0.0,120,388.544993
1.0,148,388.712241
6.0,301,389.041056
2.0,179,389.240092
1.0,166,389.424077
3.0,210,389.75072
2.0,196,390.057093
1.0,149,390.224425
0.0,120,390.365367
0.0,120,390.504133
2.0,179,390.704204
2.0,195,390.919181
3.0,210,391.152425
1.0,149,391.323431
2.0,177,391.520495
2.0,195,391.740476
2.0,195,391.957949
2.0,195,392.175964
2.0,195,392.393306
3.0,223,392.64289
3.0,210,392.881324
3.0,224,393.130379
3.0,223,393.378088
3.0,223,393.627969
1.0,149,393.794756
3.0,210,394.030506
0.0,120,394.166211
4.0,293,394.489921
2.0,196,394.710092
3.0,210,394.946185
3.0,210,395.181248
2.0,196,395.39887
2.0,195,395.618052
3.0,223,395.870486
3.0,223,396.120303
3.0,225,396.376867
3.0,210,396.615596
1.0,149,396.791047
3.0,224,397.041318
5.0,293,397.367896
0.0,121,397.507038
3.0,223,397.761179
3.0,225,398.013505
2.0,195,398.233302
0.0,120,398.371569
0.0,120,398.513856
3.0,210,398.748819
0.0,120,398.8866
2.0,178,399.088591
3.0,223,399.340211
0.0,120,399.478731
3.0,223,399.729636
2.0,179,399.932792
2.0,179,400.136427
2.0,179,400.334308
2.0,195,400.550937
3.0,223,400.797809
2.0,179,401.000128
2.0,195,401.215407
3.0,223,401.463268
3.0,223,401.710716
1.0,149,401.879738
3.0,210,402.114149
0.0,121,402.251284
1.0,148,402.418126
2.0,180,402.620803
0.0,120,402.75768
1.0,149,402.924634
2.0,195,403.142454
3.0,207,403.375849
2.0,195,403.591641
2.0,195,403.809201
2.0,179,404.009396
1.0,148,404.177659
2.0,196,404.395197
1.0,148,404.561753
3.0,225,404.810843
2.0,195,405.030417
0.0,120,405.165673
3.0,223,405.412463
3.0,223,405.657355
3.0,210,405.89427
0.0,120,406.030716
0.0,120,406.167163
3.0,210,406.400304
13.0,526,406.97805
0.0,120,407.113968
3.0,210,407.346038
3.0,223,407.5927
3.0,223,407.841493
2.0,196,408.058637
3.0,223,408.305676
0.0,120,408.441478
2.0,196,408.65963
2.0,179,408.857723
2.0,179,409.057378
2.0,195,409.273733
1.0,148,409.44071
1.0,148,409.60659
3.0,223,409.854702
2.0,195,410.070092
2.0,195,410.29126
2.0,195,410.50764
0.0,120,410.643434
2.0,195,410.860177
0.0,120,410.996851
2.0,195,411.211474
0.0,120,411.346864
3.0,210,411.580416
2.0,195,411.798136
3.0,210,412.030486
3.0,223,412.277658
2.0,195,412.494444
2.0,195,412.711401
3.0,247,412.985385
2.0,179,413.185594
0.0,120,413.321822
3.0,223,413.572183
2.0,195,413.786859
2.0,195,414.004013
1.0,166,414.190921
3.0,210,414.424367
6.0,363,414.822065
2.0,179,415.022407
0.0,121,415.158666
2.0,195,415.376376
0.0,120,415.51223
2.0,195,415.727457
2.0,195,415.944213
4.0,293,416.268948
3.0,225,416.519087
0.0,120,416.654706
0.0,120,416.790529
2.0,195,417.006981
2.0,218,417.248647
3.0,244,417.517743
2.0,179,417.718087
3.0,244,417.990452
3.0,223,418.235906
1.0,148,418.402282
0.0,120,418.538491
2.0,179,418.739786
2.0,195,418.956701
3.0,210,419.188966
2.0,179,419.389429
0.0,120,419.526959
0.0,120,419.745137
0.0,120,419.951059
2.0,179,420.155156
3.0,210,420.394415
2.0,195,420.613729
2.0,179,420.814537
4.0,293,421.136345
2.0,195,421.356856
0.0,120,421.495243
2.0,179,421.698905
3.0,210,421.934827
2.0,179,422.139744
0.0,121,422.278904
2.0,195,422.498738
3.0,224,422.751911
3.0,223,423.001811
2.0,177,423.20099
0.0,120,423.339545
1.0,166,423.526704
0.0,120,423.666391
0.0,120,423.804685
3.0,246,424.07947
2.0,195,424.299335
3.0,243,424.568231
3.0,223,424.818006
3.0,225,425.069777
0.0,122,425.210551
3.0,210,425.445016
3.0,223,425.694312
2.0,179,425.894696
2.0,195,426.114225
3.0,210,426.350548
3.0,223,426.599574
3.0,223,426.849266
1.0,148,427.017841
2.0,179,427.220082
2.0,196,427.439799
0.0,120,427.578098
0.0,120,427.716261
1.0,148,427.885138
2.0,179,428.08718
4.0,293,428.411513
0.0,121,428.552086
2.0,195,428.768404
3.0,208,429.002872
2.0,195,429.220062
3.0,224,429.470095
3.0,223,429.721753
4.0,272,430.025458
0.0,120,430.164475
0.0,120,430.303152
0.0,120,430.445864
2.0,195,430.666612
3.0,223,430.917247
2.0,179,431.120803
2.0,195,431.347468
3.0,223,431.600899
0.0,120,431.743649
2.0,179,431.94595
0.0,120,432.08805
3.0,244,432.360464
0.0,120,432.497561
2.0,195,432.717055
3.0,210,432.955632
3.0,209,433.189624
2.0,195,433.410838
0.0,120,433.54794
3.0,210,433.786453
2.0,196,434.004629
3.0,210,434.239298
0.0,120,434.375642
3.0,223,434.623155
0.0,120,434.76286
3.0,210,435.002113
2.0,196,435.223391
3.0,210,435.461025
2.0,196,435.68071
2.0,195,435.89874
4.0,293,436.223338
0.0,120,436.366315
3.0,244,436.637364
0.0,120,436.773766
2.0,195,436.991548
1.0,148,437.160633
2.0,196,437.379348
2.0,195,437.597935
2.0,179,437.799706
3.0,210,438.035152
0.0,120,438.171505
2.0,195,438.389452
2.0,198,438.609731
3.0,210,438.848703
3.0,210,439.082316
2.0,196,439.300858
3.0,223,439.54965
2.0,195,439.772785
2.0,195,439.990666
0.0,120,440.12682
2.0,197,440.346766
3.0,225,440.601019
2.0,195,440.819545
0.0,120,440.957237
3.0,225,441.207696
1.0,148,441.37646
4.0,255,441.660075
2.0,195,441.877841
2.0,196,442.096939
6.0,362,442.497032
2.0,195,442.71509
2.0,195,442.935659
2.0,179,443.135015
2.0,196,443.355909
3.0,243,443.627485
2.0,195,443.845831
2.0,195,444.063256
4.0,294,444.388602
2.0,179,444.590228
2.0,195,444.808683
3.0,210,445.041384
0.0,120,445.179716
2.0,195,445.397616
2.0,196,445.616435
2.0,179,445.817753
3.0,208,446.054377
0.0,120,446.190872
0.0,120,446.327381
3.0,210,446.560801
3.0,223,446.813636
2.0,179,447.015347
2.0,179,447.213836
1.0,148,447.380885
2.0,179,447.586933
0.0,120,447.726274
5.0,279,448.036389
2.0,182,448.239078
3.0,210,448.476726
3.0,210,448.710664
0.0,120,448.847448
3.0,225,449.099634
2.0,195,449.318975
2.0,215,449.559238
0.0,121,449.80338
3.0,223,450.113971
0.0,120,450.253267
2.0,179,450.460769
0.0,121,450.598305
0.0,120,450.736009
0.0,120,450.87403
2.0,179,451.074759
3.0,223,451.323318
3.0,210,451.556453
3.0,246,451.835079
3.0,210,452.072545
2.0,195,452.293876
2.0,179,452.497719
3.0,223,452.752632
2.0,196,452.974076
2.0,195,453.195324
2.0,196,453.416973
1.0,148,453.591231
0.0,121,453.731529
2.0,195,453.952697
0.0,120,454.091873
2.0,195,454.316037
3.0,223,454.567298
3.0,224,454.81915
1.0,149,454.99032
3.0,243,455.27238
4.0,259,455.562836
2.0,179,455.767201
0.0,120,455.906014
2.0,179,456.1128
3.0,210,456.349103
2.0,195,456.569223
2.0,195,456.789661
3.0,210,457.028109
2.0,196,457.248792
2.0,195,457.469124
2.0,195,457.689244
2.0,195,457.911188
3.0,224,458.160993
2.0,179,458.362567
1.0,149,458.534198
3.0,244,458.809511
2.0,196,459.030074
2.0,195,459.248134
2.0,195,459.468757
3.0,223,459.724662
2.0,195,459.945642
3.0,244,460.219268
1.0,149,460.389165
0.0,120,460.531945
3.0,210,460.768332
2.0,197,460.992587
2.0,178,461.196419
0.0,120,461.344114
2.0,195,461.568485
2.0,195,461.789018
2.0,196,462.010162
0.0,121,462.152756
2.0,195,462.374027
2.0,179,462.575304
2.0,195,462.79653
0.0,120,462.938273
0.0,120,463.07748
2.0,179,463.281124
0.0,121,463.420628
1.0,148,463.592969
2.0,179,463.796557
2.0,179,463.99957
4.0,294,464.32573
2.0,195,464.548697
2.0,195,464.768962
2.0,195,464.988403
2.0,196,465.209872
3.0,210,465.451517
4.0,293,465.778363
2.0,179,465.982208
1.0,149,466.152622
3.0,223,466.408406
0.0,120,466.547479
2.0,196,466.769824
4.0,259,467.063162
2.0,195,467.29042
3.0,210,467.528445
0.0,121,467.668192
6.0,322,468.027333
2.0,195,468.249328
2.0,195,468.469952
2.0,195,468.690329
2.0,195,468.911386
3.0,210,469.149676
2.0,179,469.353034
2.0,196,469.573973
2.0,179,469.779784
2.0,178,469.984793
2.0,195,470.205943
2.0,195,470.425699
5.0,317,470.777242
3.0,223,471.030726
3.0,225,471.283471
2.0,179,471.488272
0.0,120,471.628775
2.0,195,471.852186
2.0,195,472.073391
3.0,210,472.312128
3.0,210,472.549328
2.0,179,472.757468
0.0,120,472.898033
3.0,210,473.137612
3.0,244,473.415238
2.0,196,473.644368
2.0,195,473.865075
0.0,120,474.003173
2.0,195,474.22406
2.0,179,474.431293
2.0,196,474.652369
0.0,120,474.7911
2.0,177,474.991192
3.0,223,475.245261
3.0,223,475.493685
0.0,120,475.632211
2.0,195,475.852818
2.0,196,476.076866
2.0,195,476.297382
0.0,120,476.436155
2.0,196,476.657151
2.0,195,476.880697
2.0,179,477.082179
2.0,195,477.302285
3.0,223,477.554228
1.0,149,477.728502
3.0,210,477.96798
3.0,210,478.204041
2.0,195,478.425251
3.0,210,478.665584
2.0,196,478.887044
3.0,210,479.127392
0.0,120,479.270183
1.0,149,479.446185
3.0,210,479.784155
1.0,148,480.017893
2.0,195,480.239651
2.0,195,480.465533
3.0,223,480.714755
0.0,120,480.852081
2.0,195,481.070697
0.0,120,481.211451
2.0,179,481.411115
0.0,120,481.548023
3.0,210,481.786182
0.0,120,481.926446
6.0,326,482.286568
2.0,195,482.504779
0.0,120,482.64181
4.0,289,482.964438
2.0,195,483.183355
2.0,195,483.401658
2.0,195,483.620232
0.0,120,483.759353
3.0,210,483.993188
2.0,195,484.211772
2.0,196,484.430838
0.0,121,484.569736
3.0,210,484.805759
0.0,120,484.942861
5.0,365,485.345529
3.0,225,485.59805
2.0,195,485.816638
2.0,196,486.036097
2.0,179,486.237353
2.0,195,486.456179
2.0,195,486.674412
0.0,120,486.811202
3.0,245,487.082934
3.0,225,487.336936
3.0,223,487.584137
4.0,293,487.910305
1.0,166,488.096474
0.0,120,488.234933
1.0,149,488.403367
1.0,148,488.571053
3.0,210,488.807025
0.0,120,488.945261
5.0,336,489.316725
0.0,120,489.453746
2.0,196,489.672984
3.0,223,489.924659
0.0,120,490.06271
0.0,120,490.199676
1.0,148,490.366742
2.0,195,490.585365
0.0,120,490.722694
3.0,210,490.958786
2.0,195,491.178079
3.0,224,491.429406
3.0,223,491.677447
2.0,195,491.895728
0.0,121,492.034662
2.0,195,492.2539
2.0,196,492.473202
2.0,178,492.675708
2.0,195,492.891731
0.0,120,493.0299
0.0,120,493.166606
4.0,294,493.491745
2.0,195,493.710786
2.0,195,493.929306
0.0,120,494.065469
2.0,195,494.283432
3.0,210,494.518705
0.0,120,494.656072
3.0,210,494.889381
2.0,195,495.108991
3.0,210,495.341815
0.0,120,495.479332
3.0,223,495.727823
2.0,195,495.945131
2.0,195,496.162891
2.0,179,496.363861
7.0,414,496.82028
1.0,148,496.987581
1.0,149,497.15639
2.0,195,497.376907
2.0,195,497.595436
0.0,120,497.732538
0.0,120,497.86952
3.0,223,498.118412
2.0,179,498.332641
2.0,195,498.630778
0.0,120,498.78388
2.0,195,499.019777
3.0,210,499.26173
2.0,196,499.487857
1.0,148,499.658438
0.0,120,499.797983
1.0,149,499.966934
2.0,195,500.189136
2.0,179,500.393999
2.0,177,500.597136
0.0,120,500.736876
2.0,196,500.957732
4.0,260,501.251057
3.0,210,501.494542
0.0,120,501.634662
3.0,224,501.884977
4.0,293,502.211273
1.0,149,502.382442
0.0,120,502.52386
0.0,120,502.66753
3.0,210,502.914723
3.0,210,503.159017
2.0,179,503.367384
3.0,225,503.623572
3.0,210,503.861322
3.0,223,504.114439
3.0,223,504.367712
2.0,195,504.590019
2.0,178,504.79351
1.0,148,504.966658
1.0,148,505.133789
3.0,223,505.381389
2.0,195,505.599505
6.0,368,506.007919
2.0,179,506.209275
3.0,223,506.456347
2.0,195,506.675039
3.0,266,506.972887
3.0,223,507.220845
3.0,225,507.473251
3.0,223,507.720762
0.0,120,507.861947
2.0,195,508.080686
1.0,149,508.248638
6.0,323,508.608031
0.0,121,508.747181
1.0,148,508.915542
0.0,120,509.052731
2.0,195,509.272006
2.0,179,509.475243
2.0,195,509.76597
0.0,120,509.945278
0.0,120,510.084997
2.0,195,510.305814
2.0,195,510.526262
13.0,502,511.079045
3.0,223,511.326654
1.0,148,511.495175
0.0,121,511.634567
0.0,120,511.771744
2.0,195,511.989151
2.0,195,512.212138
0.0,120,512.349156
0.0,120,512.488514
2.0,195,512.708066
2.0,196,512.931649
8.0,462,513.439623
0.0,120,513.577244
0.0,120,513.714686
3.0,210,513.952249
2.0,195,514.170282
2.0,195,514.386589
3.0,210,514.621947
2.0,195,514.841939
1.0,166,515.027854
3.0,210,515.263233
0.0,120,515.399674
2.0,196,515.619901
2.0,195,515.837063
3.0,210,516.073114
2.0,179,516.277602
3.0,210,516.515636
3.0,210,516.75397
3.0,223,517.003755
2.0,195,517.225359
3.0,242,517.497253
4.0,293,517.821828
0.0,120,517.960816
2.0,177,518.159366
3.0,226,518.415913
1.0,148,518.585372
2.0,195,518.804023
3.0,225,519.058527
2.0,195,519.28049
3.0,226,519.535808
0.0,120,519.67584
2.0,195,519.897545
0.0,120,520.040971
0.0,120,520.181046
2.0,195,520.400652
0.0,120,520.539885
0.0,120,520.687388
0.0,121,520.832401
4.0,294,521.160687
0.0,120,521.300069
2.0,195,521.524076
3.0,210,521.760122
0.0,120,521.89944
0.0,120,522.038255
0.0,120,522.180296
3.0,210,522.418743
3.0,210,522.655934
2.0,195,522.878224
1.0,148,523.050644
3.0,211,523.289618
2.0,195,523.51022
2.0,195,523.729209
3.0,210,523.970609
0.0,120,524.109324
3.0,223,524.361571
3.0,210,524.597346
2.0,177,524.803226
2.0,177,525.006338
2.0,179,525.208883
1.0,149,525.381652
2.0,179,525.587399
3.0,223,525.839853
1.0,148,526.010198
1.0,149,526.182051
0.0,120,526.329653
3.0,224,526.584903
2.0,179,526.790921
6.0,362,527.19458
0.0,120,527.336925
5.0,301,527.67398
4.0,290,527.997156
2.0,195,528.218087
1.0,148,528.390709
2.0,196,528.6143
2.0,195,528.835348
1.0,166,529.02381
2.0,195,529.247322
1.0,148,529.417397
1.0,148,529.586521
3.0,210,529.824893
0.0,121,529.967145
2.0,195,530.188325
2.0,195,530.407545
3.0,243,530.680245
3.0,210,530.92232
4.0,291,531.245626
3.0,210,531.484506
2.0,195,531.706056
2.0,195,531.92916
3.0,210,532.167346
2.0,195,532.389175
2.0,179,532.588954
3.0,210,532.827261
3.0,225,533.085682
2.0,179,533.287303
4.0,293,533.616284
0.0,120,533.759572
1.0,148,533.929382
2.0,179,534.134278
3.0,210,534.371739
2.0,179,534.58099
2.0,195,534.802523
2.0,177,535.003379
0.0,120,535.142656
2.0,177,535.347154
0.0,120,535.487348
0.0,120,535.626787
0.0,120,535.766626
3.0,225,536.024796
1.0,148,536.194771
3.0,210,536.431787
2.0,195,536.653459
0.0,120,536.798142
0.0,121,536.938966
1.0,148,537.109891
0.0,120,537.250258
0.0,120,537.394021
3.0,210,537.634019
3.0,224,537.888895
3.0,210,538.128646
2.0,195,538.358993
2.0,196,538.583772
3.0,224,538.837334
0.0,120,538.977423
1.0,148,539.151434
3.0,210,539.388644
1.0,166,539.579695
0.0,121,539.821097
2.0,195,540.078065
2.0,179,540.280665
3.0,225,540.539062
1.0,149,540.710177
2.0,196,540.935576
0.0,120,541.07544
2.0,195,541.297665
0.0,120,541.437484
0.0,120,541.575857
3.0,210,541.812221
2.0,197,542.036754
0.0,120,542.176788
3.0,246,542.456117
0.0,120,542.596051
2.0,196,542.818925
1.0,149,542.989623
0.0,120,543.133967
2.0,177,543.337577
2.0,195,543.557773
2.0,179,543.764222
0.0,120,543.912549
1.0,148,544.083374
0.0,120,544.222971
0.0,120,544.362397
2.0,177,544.566357
3.0,210,544.805227
2.0,195,545.025752
3.0,210,545.262045
3.0,223,545.513107
3.0,210,545.747152
6.0,353,546.141955
0.0,120,546.281515
2.0,178,546.485442
3.0,223,546.737926
3.0,223,546.990473
2.0,179,547.193175
2.0,195,547.417662
2.0,195,547.638828
3.0,210,547.875632
2.0,195,548.0977
0.0,120,548.240978
0.0,121,548.381891
1.0,148,548.552395
